customer_state,total_orders,delayed_orders,delay_rate_pct,avg_freight_ratio
AL,397,95,23.93,0.4683
MA,717,141,19.67,0.5373
PI,476,76,15.97,0.5029
CE,1279,196,15.32,0.4267
SE,335,51,15.22,0.462
BA,3256,457,14.04,0.3855
RJ,12350,1664,13.47,0.3156
TO,274,35,12.77,0.494
PA,946,117,12.37,0.4628
ES,1995,244,12.23,0.3462
RR,41,5,12.2,0.6007
MS,701,81,11.55,0.3369
PB,517,57,11.03,0.4984
PE,1593,172,10.8,0.4337
RN,474,51,10.76,0.494
SC,3546,346,9.76,0.3302
GO,1957,160,8.18,0.3423
RS,5344,382,7.15,0.3391
DF,2080,147,7.07,0.3343
MT,886,60,6.77,0.3765
SP,40494,2387,5.89,0.2515
MG,11354,637,5.61,0.3158
PR,4923,246,5.0,0.3347
AP,67,3,4.48,0.386
AM,145,6,4.14,0.5041
AC,80,3,3.75,0.5103
RO,243,7,2.88,0.579
