State,Out_Strength_Orders,In_Strength_Orders,PageRank_Score,Topological_Betweenness
SP,68415,40494,0.2997236382420694,0.043760914299375835
MG,7647,11354,0.10590178463906251,0.050603405141866675
PR,7429,4923,0.04898953733257124,0.04120045766199613
RJ,4185,12350,0.11822876791360735,0.02128289232135386
SC,3551,3546,0.03436693911020059,0.011889102350640814
RS,1949,5344,0.04769440684443536,0.012293292177907563
DF,803,2080,0.027006455554411935,0.0068073123457738855
BA,549,3256,0.038624031936906805,0.020667507705969246
GO,451,1957,0.025216672055884327,0.011557177864870176
PE,403,1593,0.024762089343157347,0.007048349086810627
MA,388,717,0.017905469253544894,0.024776787315248853
ES,308,1995,0.02492402746227176,0.008805228959075113
MT,134,886,0.015194753857731804,0.00286857159934083
CE,85,1279,0.021503840658303575,0.007240084701623163
RN,51,474,0.017535367167484918,0.0009710802018494326
MS,47,701,0.012798608672102947,0.0005361305361305361
PB,33,517,0.013805781385077324,0.0028465765004226542
RO,13,243,0.009298626401885442,0.0004674556213017751
PI,11,476,0.012921411956439977,0.0002282333051563821
PA,8,946,0.017258030144941185,0.0003747534516765286
SE,7,335,0.011841479446710563,0.0006977637746868516
AM,3,145,0.008330468578057068,0.0
AC,0,80,0.007849693437359398,0.0
AL,0,397,0.014185981683907632,0.0
AP,0,67,0.007615887723224088,0.0
RR,0,41,0.007243250823733572,0.0
TO,0,274,0.009272998374916661,0.0
