Table Name,Row Count,Column Count,CSV Size (MiB),Parquet Size (MiB),Storage Savings (%),Total Null Values,Processing Time (s),Round Trip Validated
olist_customers_dataset,99441,5,8.615452766418457,6.719834327697754,22.0025399722403,0,4.754345000001194,True
olist_geolocation_dataset,1000163,5,58.43532848358154,16.43049144744873,71.88260616680682,0,11.868768800002726,True
olist_order_items_dataset,112650,7,14.723464012145996,6.502044677734375,55.83889312752374,0,5.896841699999641,True
olist_order_payments_dataset,103886,5,5.50950813293457,3.6814746856689453,33.179612465549546,0,4.5163303000008455,True
olist_order_reviews_dataset,99224,7,13.782186508178711,9.235061645507812,32.99276830982163,145903,7.923256799997034,True
olist_orders_dataset,99441,8,16.837038040161133,10.227758407592773,39.254408149481776,4908,7.787539400000242,True
olist_products_dataset,32951,9,2.269216537475586,1.3105316162109375,42.24739708318659,2448,4.54367160000038,True
olist_sellers_dataset,3095,4,0.1666097640991211,0.1259479522705078,24.405419483351743,0,2.2081880000005185,True
product_category_name_translation,71,2,0.0024919509887695312,0.0030231475830078125,-21.3164944508228,0,1.6481860999992932,True
