seller_state,customer_state,transaction_volume,delayed_orders,route_delay_rate_pct,avg_freight_value
SP,SP,30735,1912,6.22,15.21
SP,RJ,8158,1264,15.49,23.51
SP,MG,7440,472,6.34,23.3
SP,RS,3596,273,7.59,23.71
SP,PR,3119,167,5.35,23.61
PR,SP,2924,104,3.56,22.0
MG,SP,2546,110,4.32,24.36
SP,SC,2327,256,11.0,24.25
SP,BA,2307,345,14.95,27.66
MG,MG,1525,48,3.15,18.72
SP,ES,1461,207,14.17,22.8
SP,GO,1420,131,9.23,23.88
SP,DF,1383,114,8.24,22.66
RJ,SP,1320,120,9.09,21.21
SC,SP,1305,57,4.37,24.96
MG,RJ,1134,106,9.35,27.53
SP,PE,1133,122,10.77,34.06
SP,CE,969,148,15.27,34.85
PR,RJ,963,135,14.02,25.83
RJ,RJ,956,62,6.49,14.23
PR,MG,817,43,5.26,26.4
PR,PR,714,31,4.34,18.01
SP,PA,681,90,13.22,35.64
RS,SP,667,15,2.25,26.47
SP,MT,653,44,6.74,29.72
PR,RS,576,30,5.21,24.88
RJ,MG,551,40,7.26,20.54
SP,MA,491,104,21.18,42.82
SP,MS,477,70,14.68,25.34
SC,RJ,470,48,10.21,29.21
SC,MG,428,22,5.14,31.76
PR,SC,390,26,6.67,23.27
MG,BA,366,39,10.66,29.87
MG,PR,363,7,1.93,28.69
SP,PB,336,37,11.01,49.86
SP,RN,332,40,12.05,41.21
SP,PI,329,60,18.24,41.41
DF,SP,308,9,2.92,20.89
SC,RS,293,18,6.14,25.31
RS,RS,288,15,5.21,17.96
SC,PR,285,9,3.16,24.87
MG,RS,278,14,5.04,36.29
SC,SC,255,16,6.27,19.96
SP,AL,255,67,26.27,36.63
MG,SC,251,22,8.76,32.48
RS,RJ,246,21,8.54,30.5
SP,SE,208,34,16.35,43.64
RJ,PR,202,18,8.91,22.5
RJ,RS,198,19,9.6,24.02
SP,TO,198,25,12.63,42.95
RS,MG,187,5,2.67,34.12
MG,DF,186,6,3.23,25.19
MG,ES,171,8,4.68,28.9
SP,RO,169,5,2.96,46.79
MG,GO,150,4,2.67,32.8
PR,DF,150,6,4.0,33.5
PR,BA,143,24,16.78,51.08
RS,PR,138,7,5.07,21.91
BA,SP,137,7,5.11,37.63
RJ,BA,135,15,11.11,30.7
GO,SP,126,5,3.97,28.61
MA,SP,123,31,25.2,33.87
RS,SC,116,0,0.0,22.77
RJ,SC,113,12,10.62,26.8
MG,PE,110,9,8.18,37.61
PR,ES,110,10,9.09,34.91
RJ,GO,109,8,7.34,24.17
PE,SP,104,3,2.88,31.33
DF,MG,102,1,0.98,19.37
ES,SP,100,10,10.0,34.25
RJ,ES,99,2,2.02,21.21
SP,AM,99,4,4.04,34.04
DF,RJ,96,7,7.29,21.79
RJ,DF,96,8,8.33,19.74
RJ,PE,91,12,13.19,44.2
PR,GO,87,4,4.6,38.49
PR,PE,86,11,12.79,50.29
BA,RJ,83,5,6.02,35.37
GO,MG,83,1,1.2,23.68
MG,PA,83,11,13.25,48.67
SC,BA,77,10,12.99,47.72
MG,CE,73,9,12.33,41.98
SC,DF,69,1,1.45,33.76
BA,BA,66,6,9.09,19.05
PR,CE,64,9,14.06,47.11
MG,MS,62,4,6.45,31.51
PE,MG,62,0,0.0,33.83
MG,MA,61,10,16.39,53.05
PR,MT,60,3,5.0,42.86
ES,RJ,59,5,8.47,31.76
SP,AC,57,2,3.51,45.28
GO,RJ,56,3,5.36,26.66
PR,MS,55,2,3.64,28.21
SC,GO,55,5,9.09,49.83
PR,PA,54,7,12.96,57.51
RJ,CE,54,12,22.22,35.6
BA,MG,51,0,0.0,36.31
MG,MT,50,4,8.0,45.78
SC,ES,50,2,4.0,35.15
DF,DF,49,3,6.12,10.82
SP,AP,49,3,6.12,39.99
MG,PB,48,6,12.5,50.46
RS,DF,47,1,2.13,31.67
ES,MG,43,0,0.0,36.96
PE,RJ,42,3,7.14,32.76
PR,MA,42,8,19.05,46.2
RS,BA,42,7,16.67,59.49
MA,RJ,41,2,4.88,30.47
PR,PB,40,6,15.0,48.26
SC,PE,38,2,5.26,52.48
RJ,PA,37,2,5.41,40.89
MG,SE,36,4,11.11,48.55
PR,AL,36,14,38.89,48.99
DF,BA,35,2,5.71,27.34
MG,AL,35,6,17.14,57.06
SP,RR,33,5,15.15,47.07
BA,PE,32,2,6.25,28.56
MG,PI,32,1,3.12,42.36
RJ,MS,32,4,12.5,32.4
GO,GO,31,1,3.23,14.91
MA,MG,31,5,16.13,35.27
SC,MS,31,1,3.23,32.66
DF,GO,30,1,3.33,19.34
MT,SP,30,1,3.33,37.94
MG,RN,29,0,0.0,43.26
RJ,MT,29,3,10.34,29.34
GO,DF,28,2,7.14,15.87
RJ,MA,28,3,10.71,37.76
DF,PR,27,0,0.0,29.56
MA,DF,27,5,18.52,24.48
PE,BA,26,0,0.0,26.89
SC,MT,26,3,11.54,50.87
PR,PI,25,2,8.0,71.15
RJ,PB,24,0,0.0,37.53
RS,ES,24,1,4.17,36.27
CE,SP,23,1,4.35,55.51
ES,BA,23,1,4.35,47.82
PE,PE,23,1,4.35,13.09
RS,GO,23,0,0.0,37.76
BA,RS,22,1,4.55,67.91
DF,RS,22,3,13.64,33.85
RJ,PI,22,3,13.64,43.55
RJ,RN,22,3,13.64,37.64
RS,MT,22,1,4.55,52.84
SC,CE,22,6,27.27,68.48
DF,SC,21,4,19.05,29.42
MA,PE,21,3,14.29,24.27
PR,SE,21,4,19.05,37.8
RN,RN,21,0,0.0,9.52
RS,PA,21,1,4.76,47.5
MT,MG,20,0,0.0,33.41
PR,RN,20,3,15.0,38.32
DF,ES,19,5,26.32,25.48
MA,SC,19,4,21.05,39.57
SC,MA,19,4,21.05,53.83
SC,PA,19,2,10.53,68.68
SC,PI,19,3,15.79,54.93
ES,RS,18,2,11.11,42.5
MS,SP,18,1,5.56,23.71
PR,RO,18,0,0.0,44.93
RJ,SE,18,3,16.67,25.82
SC,PB,18,3,16.67,78.43
MA,RS,17,2,11.76,54.44
PE,CE,17,1,5.88,24.45
PE,ES,17,0,0.0,22.66
RS,PE,17,3,17.65,62.68
BA,DF,16,0,0.0,28.35
BA,MA,16,1,6.25,32.66
MA,GO,16,6,37.5,31.74
MG,TO,16,2,12.5,40.07
RS,MS,16,0,0.0,27.92
ES,PR,15,0,0.0,41.51
PE,DF,15,1,6.67,25.55
PR,TO,15,3,20.0,38.64
SC,SE,15,1,6.67,38.25
BA,CE,14,2,14.29,31.47
MA,MA,14,6,42.86,12.0
MG,RO,14,0,0.0,44.7
RS,MA,14,4,28.57,48.38
SC,RN,14,1,7.14,54.17
BA,SC,13,1,7.69,44.27
DF,CE,13,4,30.77,29.35
MA,ES,13,7,53.85,28.5
MG,AM,13,1,7.69,41.49
MT,RJ,13,1,7.69,36.39
PE,RS,13,2,15.38,57.96
RJ,AL,13,2,15.38,29.31
RJ,RO,13,2,15.38,42.04
RJ,TO,13,1,7.69,39.63
ES,SC,12,1,8.33,49.55
GO,CE,12,0,0.0,46.53
PE,GO,12,0,0.0,39.81
RS,CE,12,2,16.67,49.71
BA,ES,11,0,0.0,25.71
DF,PA,11,0,0.0,26.77
GO,RS,11,1,9.09,31.33
PR,AM,11,0,0.0,50.57
RS,PI,11,0,0.0,52.11
SC,AL,11,0,0.0,38.94
SC,TO,11,1,9.09,42.6
BA,PB,10,1,10.0,37.21
BA,PR,10,1,10.0,44.36
CE,RJ,10,1,10.0,59.75
DF,MT,10,0,0.0,18.57
DF,PE,10,0,0.0,28.38
GO,PA,10,0,0.0,36.14
GO,PE,10,2,20.0,27.88
GO,SC,10,1,10.0,30.09
MA,BA,10,4,40.0,22.73
MG,AC,10,0,0.0,48.24
MT,GO,10,0,0.0,27.07
RS,AL,10,0,0.0,42.87
RS,RO,10,0,0.0,50.93
BA,AL,9,0,0.0,21.8
BA,PI,9,1,11.11,39.22
BA,RN,9,2,22.22,26.51
BA,SE,9,0,0.0,18.33
CE,CE,9,0,0.0,42.85
GO,MA,9,0,0.0,41.55
GO,MT,9,0,0.0,20.94
GO,PR,9,1,11.11,58.93
MA,CE,9,1,11.11,16.84
MA,PR,9,3,33.33,31.67
MS,RJ,9,0,0.0,22.0
PB,RJ,9,1,11.11,58.5
PE,AL,9,1,11.11,14.56
PE,PR,9,1,11.11,39.96
PE,SC,9,3,33.33,52.66
SC,RO,9,0,0.0,40.96
BA,GO,8,0,0.0,36.61
BA,PA,8,1,12.5,62.12
DF,MA,8,0,0.0,35.81
DF,PB,8,2,25.0,36.34
DF,PI,8,2,25.0,26.29
GO,BA,8,0,0.0,31.45
GO,MS,8,0,0.0,22.74
MT,PR,8,0,0.0,33.12
PE,PB,8,0,0.0,16.18
PE,PI,8,2,25.0,21.53
RJ,AM,8,0,0.0,38.53
RS,PB,8,0,0.0,55.76
RS,RN,8,0,0.0,38.95
RS,SE,8,1,12.5,57.26
CE,PE,7,2,28.57,19.07
DF,MS,7,0,0.0,22.3
ES,ES,7,2,28.57,27.04
GO,PB,7,1,14.29,40.4
PB,SP,7,0,0.0,55.75
PE,SE,7,0,0.0,20.04
DF,RN,6,2,33.33,29.03
ES,MT,6,0,0.0,40.85
ES,PE,6,0,0.0,46.48
GO,AL,6,0,0.0,37.1
MT,DF,6,0,0.0,25.83
MT,MT,6,0,0.0,19.22
MT,PE,6,3,50.0,31.22
MT,RS,6,0,0.0,40.09
PA,SP,6,1,16.67,16.8
RO,SP,6,0,0.0,52.71
BA,MT,5,0,0.0,57.94
DF,TO,5,2,40.0,33.89
GO,ES,5,0,0.0,36.9
GO,TO,5,0,0.0,17.03
MA,PA,5,1,20.0,18.13
MA,PI,5,1,20.0,17.38
MA,SE,5,3,60.0,20.4
MT,MS,5,0,0.0,23.72
MT,SC,5,0,0.0,37.51
PE,MA,5,0,0.0,24.19
PE,PA,5,0,0.0,54.58
PR,RR,5,0,0.0,56.51
RN,BA,5,1,20.0,36.39
RN,SP,5,0,0.0,41.66
RS,AM,5,0,0.0,53.37
CE,PR,4,0,0.0,76.9
DF,AL,4,0,0.0,54.28
MA,AL,4,3,75.0,23.76
MA,MT,4,1,25.0,30.63
MA,PB,4,1,25.0,21.26
MS,DF,4,0,0.0,24.43
MS,MG,4,0,0.0,24.85
MT,BA,4,0,0.0,44.64
PE,RN,4,0,0.0,20.9
RN,PR,4,1,25.0,48.78
RN,RS,4,2,50.0,49.62
RS,TO,4,0,0.0,51.1
SC,AC,4,0,0.0,59.06
SC,AM,4,0,0.0,56.93
SC,AP,4,0,0.0,58.04
CE,BA,3,1,33.33,24.67
CE,ES,3,0,0.0,23.31
CE,MG,3,0,0.0,32.77
CE,PA,3,1,33.33,117.08
CE,PI,3,1,33.33,17.69
CE,SE,3,0,0.0,20.59
DF,SE,3,1,33.33,18.1
ES,CE,3,0,0.0,68.56
ES,GO,3,0,0.0,51.88
ES,PA,3,1,33.33,91.75
MA,MS,3,0,0.0,40.17
MA,RN,3,0,0.0,25.21
MG,AP,3,0,0.0,44.01
MS,BA,3,2,66.67,42.49
MS,PR,3,0,0.0,22.07
MT,MA,3,0,0.0,38.52
MT,PA,3,0,0.0,35.88
PE,RO,3,0,0.0,67.9
RN,CE,3,1,33.33,24.98
RS,AP,3,0,0.0,37.76
BA,AP,2,0,0.0,35.89
BA,MS,2,0,0.0,57.07
BA,RO,2,0,0.0,52.61
BA,TO,2,0,0.0,45.14
CE,AL,2,0,0.0,20.42
CE,MA,2,0,0.0,61.56
CE,MT,2,0,0.0,67.43
CE,SC,2,0,0.0,37.43
ES,MA,2,0,0.0,25.94
ES,PI,2,0,0.0,69.97
ES,RN,2,0,0.0,22.86
ES,TO,2,0,0.0,93.05
GO,AM,2,0,0.0,26.56
GO,PI,2,0,0.0,43.94
MA,TO,2,1,50.0,61.92
MG,RR,2,0,0.0,29.99
MS,MT,2,1,50.0,32.74
MT,CE,2,1,50.0,38.62
MT,ES,2,0,0.0,38.5
MT,PB,2,0,0.0,40.43
MT,RO,2,0,0.0,28.79
PB,BA,2,0,0.0,25.86
PB,CE,2,0,0.0,43.32
PB,MG,2,0,0.0,34.44
PB,PE,2,0,0.0,16.24
PE,MS,2,0,0.0,36.35
PI,MG,2,0,0.0,39.66
PI,SP,2,0,0.0,51.47
PR,AP,2,0,0.0,75.0
RN,PB,2,0,0.0,56.8
RN,RJ,2,0,0.0,35.01
RO,RJ,2,0,0.0,53.5
RS,AC,2,0,0.0,37.46
SE,SP,2,0,0.0,26.36
AM,AL,1,1,100.0,35.26
AM,MA,1,1,100.0,21.25
AM,MG,1,0,0.0,25.29
BA,AC,1,1,100.0,51.7
BA,AM,1,0,0.0,44.74
BA,RR,1,0,0.0,86.21
CE,AM,1,1,100.0,38.01
CE,DF,1,0,0.0,27.84
CE,GO,1,0,0.0,144.29
CE,MS,1,0,0.0,85.75
CE,RN,1,0,0.0,97.44
CE,RO,1,0,0.0,38.81
DF,AC,1,0,0.0,26.42
ES,DF,1,0,0.0,42.01
ES,RO,1,0,0.0,89.82
GO,AC,1,0,0.0,48.6
GO,AP,1,0,0.0,27.59
GO,RN,1,0,0.0,25.38
GO,RO,1,0,0.0,21.15
MA,AC,1,0,0.0,27.75
MA,AM,1,0,0.0,25.21
MA,AP,1,0,0.0,21.13
MS,AC,1,0,0.0,42.82
MS,GO,1,0,0.0,20.4
MS,RS,1,0,0.0,29.31
MS,SC,1,0,0.0,18.79
MT,RN,1,0,0.0,47.44
PA,MG,1,0,0.0,18.54
PA,PR,1,0,0.0,35.75
PB,AL,1,1,100.0,24.92
PB,DF,1,0,0.0,38.75
PB,ES,1,0,0.0,52.48
PB,MA,1,0,0.0,17.48
PB,MT,1,0,0.0,51.54
PB,PA,1,0,0.0,20.93
PB,PB,1,0,0.0,9.63
PB,RN,1,0,0.0,19.32
PB,SE,1,0,0.0,23.08
PE,AP,1,0,0.0,31.88
PE,MT,1,0,0.0,30.08
PE,TO,1,0,0.0,36.37
PI,CE,1,0,0.0,28.15
PI,MA,1,0,0.0,35.76
PI,PB,1,0,0.0,23.65
PI,PE,1,0,0.0,24.94
PI,PI,1,0,0.0,20.08
PI,PR,1,0,0.0,78.56
PI,SC,1,0,0.0,54.43
PR,AC,1,0,0.0,39.05
RJ,AC,1,0,0.0,33.24
RJ,AP,1,0,0.0,27.61
RN,AL,1,0,0.0,15.42
RN,DF,1,0,0.0,22.85
RN,MG,1,0,0.0,18.28
RN,PA,1,0,0.0,26.29
RN,SC,1,0,0.0,48.27
RO,BA,1,0,0.0,75.12
RO,ES,1,0,0.0,58.54
RO,PR,1,0,0.0,43.49
RO,RS,1,0,0.0,43.08
RO,SE,1,0,0.0,54.02
SE,ES,1,0,0.0,42.91
SE,GO,1,0,0.0,36.33
SE,PA,1,0,0.0,26.0
SE,PR,1,0,0.0,43.36
SE,RJ,1,0,0.0,38.18
